HRDataset_Cleaned,Unnamed: 1,Unnamed: 2,Unnamed: 3,Unnamed: 4,Unnamed: 5,Unnamed: 6,Unnamed: 7,Unnamed: 8,Unnamed: 9,Unnamed: 10,Unnamed: 11,Unnamed: 12,Unnamed: 13,Unnamed: 14,Unnamed: 15,Unnamed: 16,Unnamed: 17,Unnamed: 18,Unnamed: 19,Unnamed: 20,Unnamed: 21,Unnamed: 22,Unnamed: 23,Unnamed: 24,Unnamed: 25
EmpID,PerfScoreID,FromDiversityJobFairID,Salary,Position,State,DOB,Sex,MaritalDesc,CitizenDesc,HispanicLatino,RaceDesc,DateofHire,DateofTermination,TermReason,EmploymentStatus,Department,ManagerName,ManagerID,RecruitmentSource,PerformanceScore,EngagementSurvey,EmpSatisfaction,LastPerformanceReview_Date,DaysLateLast30,Absences
10026,4,0,62506,Production Technician I,MA,07/10/83,M ,Single,US Citizen,No,White,7/5/2011,,N/A-StillEmployed,Active,Production       ,Michael Albert,22,LinkedIn,Exceeds,4.60,5,1/17/2019,0,1
10084,3,0,104437,Sr. DBA,MA,05/05/75,M ,Married,US Citizen,No,White,3/30/2015,6/16/2016,career change,Voluntarily Terminated,IT/IS,Simon Roup,4,Indeed,Fully Meets,4.96,3,2/24/2016,0,17
10196,3,0,64955,Production Technician II,MA,09/19/88,F,Married,US Citizen,No,White,7/5/2011,9/24/2012,hours,Voluntarily Terminated,Production       ,Kissy Sullivan,20,LinkedIn,Fully Meets,3.02,3,5/15/2012,0,3
10088,3,0,64991,Production Technician I,MA,09/27/88,F,Married,US Citizen,No,White,1/7/2008,,N/A-StillEmployed,Active,Production       ,Elijiah Gray,16,Indeed,Fully Meets,4.84,5,1/3/2019,0,15
10069,3,0,50825,Production Technician I,MA,09/08/89,F,Divorced,US Citizen,No,White,7/11/2011,9/6/2016,return to school,Voluntarily Terminated,Production       ,Webster Butler,39,Google Search,Fully Meets,5.00,4,2/1/2016,0,2
10002,4,0,57568,Production Technician I,MA,05/22/77,F,Single,US Citizen,No,White,1/9/2012,,N/A-StillEmployed,Active,Production       ,Amy Dunn,11,LinkedIn,Exceeds,5.00,5,1/7/2019,0,15
10194,3,0,95660,Software Engineer,MA,05/24/79,F,Single,US Citizen,No,White,11/10/2014,,N/A-StillEmployed,Active,Software Engineering,Alex Sweetwater,10,LinkedIn,Fully Meets,3.04,3,1/2/2019,0,19
10062,3,0,59365,Production Technician I,MA,02/18/83,M ,Widowed,US Citizen,No,White,9/30/2013,,N/A-StillEmployed,Active,Production       ,Ketsia Liebig,19,Employee Referral,Fully Meets,5.00,4,2/25/2019,0,19
10114,3,1,47837,Production Technician I,MA,02/11/70,F,Single,US Citizen,No,Black or African American,7/6/2009,,N/A-StillEmployed,Active,Production       ,Brannon Miller,12,Diversity Job Fair,Fully Meets,4.46,3,1/25/2019,0,4
10250,3,0,50178,IT Support,MA,01/07/88,M ,Divorced,US Citizen,No,White,1/5/2015,,N/A-StillEmployed,Active,IT/IS,Peter Monroe,7,Indeed,Fully Meets,5.00,5,2/18/2019,0,16
10252,3,1,54670,Production Technician I,MA,01/12/74,F,Married,US Citizen,Yes,Black or African American,1/10/2011,1/12/2017,Another position,Voluntarily Terminated,Production       ,David Stanley,14,Diversity Job Fair,Fully Meets,4.20,4,1/30/2016,0,12
10242,3,1,47211,Production Technician I,MA,02/21/74,M ,Married,US Citizen,Yes,Black or African American,4/2/2012,9/19/2016,unhappy,Voluntarily Terminated,Production       ,Kissy Sullivan,20,Diversity Job Fair,Fully Meets,4.20,3,5/6/2016,0,15
10012,4,1,92328,Data Analyst,TX,07/04/88,M ,Divorced,US Citizen,No,Black or African American,11/10/2014,,N/A-StillEmployed,Active,IT/IS,Simon Roup,4,Diversity Job Fair,Exceeds,4.28,4,2/25/2019,0,9
10265,3,0,58709,Production Technician I,MA,07/20/83,M ,Single,US Citizen,No,Two or more races,2/20/2012,,N/A-StillEmployed,Active,Production       ,Kelley Spirea,18,Google Search,Fully Meets,4.60,4,2/14/2019,0,7
10066,3,0,52505,Production Technician I,MA,07/15/77,M ,Divorced,US Citizen,No,White,9/24/2012,4/6/2017,Another position,Voluntarily Terminated,Production       ,Michael Albert,22,On-line Web application,Fully Meets,5.00,5,3/2/2017,0,1
10061,3,0,57834,Production Technician I,MA,10/18/81,M ,Single,US Citizen,No,White,2/21/2011,8/4/2017,attendance,Terminated for Cause,Production       ,Kelley Spirea,18,Google Search,Fully Meets,5.00,4,4/5/2017,0,20
10023,4,0,70131,Production Technician II,MA,04/17/66,F,Married,US Citizen,No,White,7/21/2016,,N/A-StillEmployed,Active,Production       ,Kelley Spirea,18,Employee Referral,Exceeds,4.40,3,1/14/2019,0,16
10055,3,0,59026,Production Technician I,MA,10/27/70,F,Single,Eligible NonCitizen,No,White,4/4/2011,,N/A-StillEmployed,Active,Production       ,Elijiah Gray,16,Google Search,Fully Meets,5.00,5,1/14/2019,0,12
10245,3,0,110000,Database Administrator,MA,04/04/86,F,Single,US Citizen,Yes,White,7/7/2014,9/12/2015,performance,Terminated for Cause,IT/IS,Simon Roup,4,Google Search,Fully Meets,4.50,4,1/15/2015,0,8
10277,3,0,53250,Production Technician I,MA,04/06/79,M ,Single,US Citizen,No,Asian,7/8/2013,,N/A-StillEmployed,Active,Production       ,Webster Butler,,LinkedIn,Fully Meets,4.20,4,1/11/2019,0,13
10046,3,0,51044,Production Technician I,MA,12/22/70,M ,Single,US Citizen,Yes,White,4/2/2012,,N/A-StillEmployed,Active,Production       ,Amy Dunn,11,Google Search,Fully Meets,5.00,3,1/14/2019,0,13
10226,3,0,64919,Production Technician I,MA,12/27/58,F,Divorced,US Citizen,No,Asian,8/19/2013,,N/A-StillEmployed,Active,Production       ,Ketsia Liebig,19,Indeed,Fully Meets,4.20,3,1/10/2019,0,2
10003,4,0,62910,Production Technician I,MA,09/01/89,F,Married,US Citizen,No,White,7/7/2014,,N/A-StillEmployed,Active,Production       ,Brannon Miller,12,Indeed,Exceeds,5.00,3,2/27/2019,0,19
10294,2,0,66441,Production Technician II,MA,09/21/90,F,Single,US Citizen,No,White,4/4/2011,,N/A-StillEmployed,Active,Production       ,Michael Albert,22,CareerBuilder,Needs Improvement,2.00,3,2/27/2019,2,3
10267,3,0,57815,Production Technician II,MA,01/16/67,F,Single,US Citizen,No,White,1/10/2011,4/4/2014,career change,Voluntarily Terminated,Production       ,Elijiah Gray,16,Google Search,Fully Meets,4.80,5,3/4/2014,0,5
10199,3,0,103613,Enterprise Architect,CT,07/30/64,M ,Single,US Citizen,No,Black or African American,2/17/2014,2/19/2016,Learned that he is a gangster,Terminated for Cause,IT/IS,Simon Roup,4,LinkedIn,Fully Meets,3.50,5,1/10/2016,0,2
10081,3,1,106367,Sr. Accountant,MA,04/04/87,F,Married,US Citizen,No,Black or African American,2/16/2015,,N/A-StillEmployed,Active,Admin Offices,Brandon R. LeBlanc,3,Diversity Job Fair,Fully Meets,5.00,4,2/18/2019,0,4
10175,3,0,74312,Production Manager,MA,03/10/70,M ,Single,US Citizen,No,Asian,9/30/2013,8/7/2014,retiring,Voluntarily Terminated,Production       ,Janet King,2,Indeed,Fully Meets,3.39,3,2/20/2014,0,14
10177,3,0,53492,Production Technician I,MA,08/24/90,F,Married,US Citizen,No,White,4/2/2012,6/15/2013,Another position,Voluntarily Terminated,Production       ,David Stanley,14,Google Search,Fully Meets,3.35,4,3/4/2013,0,6
10238,3,1,63000,Accountant I,MA,11/24/87,F,Married,US Citizen,No,Black or African American,10/27/2008,,N/A-StillEmployed,Active,Admin Offices,Brandon R. LeBlanc,1,Diversity Job Fair,Fully Meets,4.50,2,1/15/2019,0,14
10184,3,0,65288,Production Technician II,MA,07/28/83,M ,Single,US Citizen,No,White,9/29/2014,,N/A-StillEmployed,Active,Production       ,Webster Butler,,Google Search,Fully Meets,3.19,3,2/1/2019,0,9
10203,3,1,64375,Production Technician I,MA,10/30/69,F,Separated,US Citizen,No,Black or African American,11/11/2013,,N/A-StillEmployed,Active,Production       ,Kissy Sullivan,20,Diversity Job Fair,Fully Meets,3.50,5,1/21/2019,0,17
10188,3,0,74326,Area Sales Manager,VA,06/01/64,F,Married,Eligible NonCitizen,No,Black or African American,8/15/2011,8/2/2014,Another position,Voluntarily Terminated,Sales,John Smith,17,Google Search,Fully Meets,3.14,5,2/10/2013,1,19
10107,3,0,63763,Production Technician II,MA,03/02/80,F,Single,US Citizen,No,Black or African American,3/5/2012,,N/A-StillEmployed,Active,Production       ,Amy Dunn,11,Employee Referral,Fully Meets,4.51,4,2/21/2019,0,3
10181,3,0,62162,Production Technician II,MA,08/19/77,M ,Married,US Citizen,No,White,4/4/2011,,N/A-StillEmployed,Active,Production       ,Ketsia Liebig,19,Indeed,Fully Meets,3.25,5,1/14/2019,0,15
10150,3,0,77692,Software Engineering Manager,MA,11/22/66,M ,Single,US Citizen,No,White,8/15/2011,,N/A-StillEmployed,Active,Software Engineering,Jennifer Zamora,5,Google Search,Fully Meets,3.84,3,1/21/2019,0,4
10001,4,0,72640,Production Manager,MA,08/09/83,M ,Single,US Citizen,No,White,1/28/2016,,N/A-StillEmployed,Active,Production       ,Janet King,2,Indeed,Exceeds,5.00,3,2/22/2019,0,14
10085,3,0,93396,Software Engineer,MA,04/05/87,F,Single,US Citizen,No,White,11/11/2013,,N/A-StillEmployed,Active,Software Engineering,Alex Sweetwater,10,Indeed,Fully Meets,4.96,4,1/30/2019,0,3
10115,3,0,52846,Production Technician I,MA,02/02/83,M ,Single,US Citizen,No,Black or African American,3/31/2014,,N/A-StillEmployed,Active,Production       ,Kelley Spirea,18,LinkedIn,Fully Meets,4.43,3,2/1/2019,0,14
10082,3,0,100031,Sr. DBA,MA,06/06/86,F,Single,US Citizen,No,Black or African American,6/30/2016,,N/A-StillEmployed,Active,IT/IS,Simon Roup,4,LinkedIn,Fully Meets,5.00,5,2/18/2019,0,7
10040,3,0,71860,Area Sales Manager,VT,05/15/63,F,Single,US Citizen,No,White,8/18/2014,,N/A-StillEmployed,Active,Sales,John Smith,17,Indeed,Fully Meets,5.00,5,1/21/2019,0,7
10067,3,0,61656,Production Technician I,MA,01/02/51,F,Single,US Citizen,No,White,9/29/2014,,N/A-StillEmployed,Active,Production       ,Michael Albert,22,Google Search,Fully Meets,5.00,4,2/12/2019,0,11
10108,3,0,110929,BI Director,MA,02/09/72,M ,Married,US Citizen,No,White,9/6/2016,,N/A-StillEmployed,Active,IT/IS,Jennifer Zamora,5,Indeed,Fully Meets,4.50,5,1/15/2019,0,8
10210,3,0,54237,Production Technician I,MA,02/12/79,F,Single,US Citizen,No,White,5/12/2014,,N/A-StillEmployed,Active,Production       ,Elijiah Gray,16,Indeed,Fully Meets,3.30,4,2/19/2019,0,11
10154,3,0,60380,Production Technician I,MA,08/24/83,M ,Single,US Citizen,No,White,7/8/2013,,N/A-StillEmployed,Active,Production       ,Webster Butler,,LinkedIn,Fully Meets,3.80,5,1/14/2019,0,4
10200,3,0,66808,Area Sales Manager,TX,06/11/70,M ,Single,Eligible NonCitizen,No,Black or African American,5/14/2012,,N/A-StillEmployed,Active,Sales,Lynn Daneault,21,Employee Referral,Fully Meets,3.00,5,1/19/2019,0,17
10240,3,0,64786,Production Technician I,MA,08/27/83,F,Single,US Citizen,No,White,6/27/2011,11/15/2015,relocation out of area,Voluntarily Terminated,Production       ,Amy Dunn,11,Indeed,Fully Meets,4.30,4,3/10/2015,0,3
10168,3,0,64816,Production Technician I,MA,05/31/88,F,Single,Non-Citizen,No,Black or African American,10/3/2011,,N/A-StillEmployed,Active,Production       ,Ketsia Liebig,19,Indeed,Fully Meets,3.58,5,1/30/2019,0,3
10220,3,0,68678,IT Support,MA,09/05/85,M ,Single,US Citizen,No,White,9/5/2012,,N/A-StillEmployed,Active,IT/IS,Eric Dougall,6,Indeed,Fully Meets,4.70,3,2/27/2019,0,2
10275,3,0,64066,Production Technician II,MA,08/31/81,F,Married,US Citizen,No,White,5/16/2011,1/7/2013,unhappy,Voluntarily Terminated,Production       ,Brannon Miller,12,Google Search,Fully Meets,4.20,5,5/3/2012,0,9
10269,3,0,59369,Production Technician II,MA,11/25/78,M ,Married,US Citizen,No,White,8/30/2010,9/26/2011,career change,Voluntarily Terminated,Production       ,David Stanley,14,Indeed,Fully Meets,4.20,4,5/4/2011,0,6
10029,4,0,50373,Production Technician I,MA,08/26/80,M ,Married,US Citizen,No,White,7/6/2016,,N/A-StillEmployed,Active,Production       ,Brannon Miller,12,Employee Referral,Exceeds,4.10,4,2/28/2019,0,5
10261,3,0,63108,Production Technician I,MA,09/08/77,M ,Single,US Citizen,No,White,7/8/2013,,N/A-StillEmployed,Active,Production       ,David Stanley,14,Employee Referral,Fully Meets,4.40,5,1/14/2019,0,3
10292,2,0,59144,Production Technician I,MA,08/12/79,M ,Single,US Citizen,No,Black or African American,7/11/2011,9/23/2016,performance,Terminated for Cause,Production       ,Kissy Sullivan,20,LinkedIn,Needs Improvement,2.00,3,5/1/2016,5,16
10282,2,0,68051,Production Manager,MA,12/17/75,M ,Divorced,US Citizen,No,White,7/20/2010,,N/A-StillEmployed,Active,Production       ,Janet King,2,CareerBuilder,Needs Improvement,4.13,2,1/14/2019,3,3
10019,4,0,170500,Director of Operations,MA,03/19/83,M ,Single,US Citizen,No,Black or African American,1/5/2009,,N/A-StillEmployed,Active,Production       ,Janet King,2,Indeed,Exceeds,3.70,5,2/4/2019,0,15
10094,3,0,63381,Production Technician I,MA,03/31/77,F,Married,US Citizen,Yes,White,1/5/2015,,N/A-StillEmployed,Active,Production       ,Kelley Spirea,18,Indeed,Fully Meets,4.73,5,2/14/2019,0,6
10193,3,0,83552,Data Analyst,MA,08/26/86,M ,Married,US Citizen,No,White,3/30/2015,,N/A-StillEmployed,Active,IT/IS,Simon Roup,4,Indeed,Fully Meets,3.04,3,1/22/2019,0,2
10132,3,0,56149,Production Technician I,MA,04/10/87,F,Single,US Citizen,No,White,7/6/2016,,N/A-StillEmployed,Active,Production       ,Michael Albert,22,LinkedIn,Fully Meets,4.12,5,1/28/2019,0,15
10083,3,0,92329,Sr. Network Engineer,CT,09/09/65,M ,Single,US Citizen,No,White,11/10/2014,,N/A-StillEmployed,Active,IT/IS,Peter Monroe,7,Employee Referral,Fully Meets,5.00,3,1/2/2019,0,5
10099,3,0,65729,Sales Manager,VT,04/19/90,F,Single,US Citizen,No,White,5/5/2014,,N/A-StillEmployed,Active,Sales,Debra Houlihan,15,Indeed,Fully Meets,4.62,4,1/24/2019,0,8
10212,3,0,85028,Sr. Network Engineer,CT,01/18/52,F,Married,US Citizen,No,White,11/10/2014,,N/A-StillEmployed,Active,IT/IS,Peter Monroe,7,LinkedIn,Fully Meets,3.10,5,2/12/2019,0,19
10056,3,0,57583,Production Technician I,MA,11/05/78,F,Married,US Citizen,No,White,7/2/2012,,N/A-StillEmployed,Active,Production       ,Elijiah Gray,16,Indeed,Fully Meets,5.00,3,2/25/2019,0,1
10143,3,0,56294,Production Technician II,MA,09/14/79,M ,Single,Eligible NonCitizen,No,Two or more races,11/7/2011,,N/A-StillEmployed,Active,Production       ,Kissy Sullivan,20,LinkedIn,Fully Meets,3.96,4,2/27/2019,0,6
10311,1,0,56991,Production Technician I,MA,04/15/88,M ,Married,US Citizen,No,White,7/9/2018,,N/A-StillEmployed,Active,Production       ,Brannon Miller,12,Indeed,Fully Meets,4.3,4,1/31/2019,2,2
10070,3,0,55722,Production Technician I,MA,10/31/77,M ,Married,US Citizen,No,White,5/16/2011,6/8/2016,unhappy,Voluntarily Terminated,Production       ,Webster Butler,39,Indeed,Fully Meets,5.00,4,4/2/2016,0,14
10155,3,0,101199,Software Engineer,MA,07/05/79,F,Single,US Citizen,No,Black or African American,1/9/2012,,N/A-StillEmployed,Active,Software Engineering,Alex Sweetwater,10,CareerBuilder,Fully Meets,3.79,5,1/25/2019,0,8
10306,1,0,61568,Area Sales Manager,AL,11/02/75,M ,Single,US Citizen,No,Two or more races,9/29/2014,,N/A-StillEmployed,Active,Sales,John Smith,17,Indeed,PIP,1.93,3,1/30/2019,6,5
10100,3,0,58275,Production Technician II,MA,02/25/51,F,Separated,US Citizen,No,Black or African American,4/4/2011,11/4/2015,more money,Voluntarily Terminated,Production       ,Kelley Spirea,18,Google Search,Fully Meets,4.62,5,5/6/2015,0,1
10310,1,0,53189,Production Technician I,MA,04/19/67,M ,Married,US Citizen,No,White,7/7/2014,,N/A-StillEmployed,Active,Production       ,Amy Dunn,11,Indeed,PIP,1.12,2,1/31/2019,4,9
10197,3,0,96820,BI Developer,MA,09/04/83,M ,Single,US Citizen,No,White,2/15/2017,,N/A-StillEmployed,Active,IT/IS,Brian Champaigne,13,Indeed,Fully Meets,3.01,5,1/23/2019,0,15
10276,3,0,51259,Production Technician I,MA,11/15/82,M ,Single,US Citizen,No,White,5/12/2014,,N/A-StillEmployed,Active,Production       ,Ketsia Liebig,19,Indeed,Fully Meets,4.30,4,2/19/2019,0,1
10304,1,0,59231,Area Sales Manager,WA,05/14/87,F,Single,US Citizen,Yes,White,2/20/2012,,N/A-StillEmployed,Active,Sales,John Smith,17,Website,PIP,2.30,1,1/29/2019,2,17
10284,2,0,61584,Production Technician I,MA,12/02/78,F,Married,US Citizen,No,Black or African American,1/7/2013,,N/A-StillEmployed,Active,Production       ,Brannon Miller,12,Indeed,Needs Improvement,3.88,4,1/18/2019,0,6
10207,3,0,46335,Production Technician I,MA,10/07/86,F,Single,US Citizen,Yes,White,4/2/2012,,N/A-StillEmployed,Active,Production       ,David Stanley,14,CareerBuilder,Fully Meets,3.40,5,2/19/2019,0,15
10133,3,0,70621,IT Support,MA,07/18/88,F,Married,US Citizen,No,White,1/5/2015,,N/A-StillEmployed,Active,IT/IS,Peter Monroe,7,Employee Referral,Fully Meets,4.11,4,2/25/2019,0,16
10028,4,0,138888,IT Manager - Support,MA,07/09/70,M ,Single,US Citizen,No,Black or African American,1/5/2014,,N/A-StillEmployed,Active,IT/IS,Jennifer Zamora,5,Indeed,Exceeds,4.30,5,1/4/2019,0,4
10006,4,0,74241,Area Sales Manager,CA,11/08/88,F,Single,US Citizen,No,White,1/10/2011,,N/A-StillEmployed,Active,Sales,Lynn Daneault,21,Indeed,Exceeds,4.77,5,1/27/2019,0,14
10105,3,0,75188,Production Manager,MA,11/28/73,F,Single,US Citizen,No,White,9/18/2014,,N/A-StillEmployed,Active,Production       ,Janet King,2,Google Search,Fully Meets,4.52,4,1/15/2019,0,4
10211,3,0,62514,Production Technician I,MA,09/23/73,F,Married,US Citizen,No,White,4/26/2010,,N/A-StillEmployed,Active,Production       ,Ketsia Liebig,19,Google Search,Fully Meets,2.90,3,1/21/2019,0,6
10064,3,0,60070,Production Technician I,MA,09/05/91,F,Married,US Citizen,No,White,4/4/2011,6/6/2017,military,Voluntarily Terminated,Production       ,Kissy Sullivan,20,Google Search,Fully Meets,5.00,3,4/9/2017,0,7
10247,3,0,48888,Production Technician I,MA,05/31/74,M ,Single,US Citizen,No,White,11/10/2014,,N/A-StillEmployed,Active,Production       ,Kelley Spirea,18,LinkedIn,Fully Meets,4.70,5,2/13/2019,0,8
10235,3,0,54285,Production Technician I,MA,08/25/78,M ,Married,US Citizen,No,White,3/31/2014,,N/A-StillEmployed,Active,Production       ,Kelley Spirea,18,Employee Referral,Fully Meets,4.20,3,1/11/2019,0,3
10299,1,0,56847,Production Technician II,MA,08/25/89,F,Separated,US Citizen,No,White,7/7/2014,,N/A-StillEmployed,Active,Production       ,Michael Albert,22,Indeed,PIP,3.00,1,2/25/2019,2,5
10280,2,0,60340,Production Technician I,MA,09/02/83,M ,Single,US Citizen,No,White,4/2/2012,9/27/2018,attendance,Terminated for Cause,Production       ,Michael Albert,22,Google Search,Needs Improvement,5.00,4,4/12/2018,5,16
10296,2,0,59124,Production Technician I,MA,05/06/89,F,Single,US Citizen,No,White,2/17/2014,2/25/2018,"no-call, no-show",Terminated for Cause,Production       ,Elijiah Gray,16,Google Search,Needs Improvement,2.30,3,1/15/2017,5,19
10290,2,0,99280,Software Engineer,MA,05/15/87,F,Married,US Citizen,No,Black or African American,5/2/2011,6/5/2013,attendance,Terminated for Cause,Software Engineering,Alex Sweetwater,10,Indeed,Needs Improvement,2.10,5,8/10/2012,4,19
10263,3,0,71776,Production Technician II,MA,09/22/78,F,Married,US Citizen,No,Black or African American,7/7/2014,,N/A-StillEmployed,Active,Production       ,Elijiah Gray,16,LinkedIn,Fully Meets,4.40,5,2/22/2019,0,17
10136,3,0,65902,Production Technician II,MA,09/27/87,F,Single,US Citizen,No,Black or African American,2/17/2014,,N/A-StillEmployed,Active,Production       ,Webster Butler,,LinkedIn,Fully Meets,4.00,4,1/7/2019,0,7
10189,3,0,57748,Production Technician I,MA,04/14/55,F,Married,US Citizen,No,White,11/7/2011,5/17/2016,military,Voluntarily Terminated,Production       ,Webster Butler,39,Google Search,Fully Meets,3.13,3,2/4/2016,0,16
10308,1,0,64057,Production Technician I,MA,10/18/89,M ,Married,US Citizen,No,White,5/11/2015,,N/A-StillEmployed,Active,Production       ,Amy Dunn,11,Indeed,PIP,1.56,5,1/3/2019,6,15
10309,1,0,53366,Network Engineer,MA,06/18/87,M ,Single,US Citizen,No,White,3/30/2015,,N/A-StillEmployed,Active,IT/IS,Peter Monroe,7,LinkedIn,PIP,1.20,3,2/4/2019,3,2
10049,3,0,58530,Production Technician I,MA,03/16/81,F,Married,US Citizen,No,White,1/9/2012,,N/A-StillEmployed,Active,Production       ,Brannon Miller,12,Google Search,Fully Meets,5.00,5,1/29/2019,0,19
10093,3,0,72609,Production Technician II,MA,10/01/81,M ,Single,US Citizen,Yes,White,5/16/2011,6/24/2013,hours,Voluntarily Terminated,Production       ,Amy Dunn,11,Google Search,Fully Meets,4.76,5,4/5/2013,0,20
10163,3,0,55965,Production Technician II,MA,11/08/83,F,Married,US Citizen,No,White,4/4/2011,1/9/2013,career change,Voluntarily Terminated,Production       ,Ketsia Liebig,19,Google Search,Fully Meets,3.66,3,1/7/2012,0,6
10305,3,0,70187,Area Sales Manager,MA,07/07/75,M ,Married,US Citizen,No,White,9/29/2014,8/19/2018,Fatal attraction,Terminated for Cause,Sales,Lynn Daneault,21,Employee Referral,PIP,2.00,5,1/28/2019,4,7
10015,4,0,178000,IT Director,MA,07/05/80,M ,Single,US Citizen,No,Black or African American,4/15/2011,,N/A-StillEmployed,Active,IT/IS,Jennifer Zamora,5,Indeed,Exceeds,5.00,5,1/7/2019,0,15
10080,3,0,99351,Sr. Accountant,MA,04/16/79,F,Married,US Citizen,no,White,1/5/2009,,N/A-StillEmployed,Active,Admin Offices,Board of Directors,9,Other,Fully Meets,5.00,3,2/8/2019,0,3
10258,3,0,67251,Area Sales Manager,CT,08/28/63,M ,Single,US Citizen,No,Black or African American,9/6/2011,,N/A-StillEmployed,Active,Sales,Lynn Daneault,21,CareerBuilder,Fully Meets,4.30,3,1/27/2019,2,7
10273,3,0,65707,IT Support,CT,07/06/68,F,Single,US Citizen,No,White,5/1/2010,,N/A-StillEmployed,Active,IT/IS,Eric Dougall,6,LinkedIn,Fully Meets,4.70,4,2/1/2019,0,1
10111,3,0,52249,Production Technician I,MA,09/15/85,M ,Single,US Citizen,Yes,White,3/30/2015,,N/A-StillEmployed,Active,Production       ,David Stanley,14,Employee Referral,Fully Meets,4.50,3,2/18/2019,0,5
10257,3,0,53171,Production Technician I,MA,12/02/83,F,Single,US Citizen,Yes,Black or African American,5/16/2011,,N/A-StillEmployed,Active,Production       ,Kelley Spirea,18,LinkedIn,Fully Meets,4.20,4,2/26/2019,0,12
10159,3,0,51337,Production Technician I,MA,10/01/90,F,Married,US Citizen,No,Black or African American,3/30/2015,,N/A-StillEmployed,Active,Production       ,Michael Albert,22,LinkedIn,Fully Meets,3.73,3,1/16/2019,0,19
10122,3,1,51505,Production Technician I,MA,05/15/70,F,Divorced,US Citizen,No,Black or African American,11/7/2011,11/15/2016,hours,Voluntarily Terminated,Production       ,Elijiah Gray,16,Diversity Job Fair,Fully Meets,4.24,4,4/29/2016,0,2
10142,3,0,59370,Area Sales Manager,OH,07/10/71,F,Widowed,US Citizen,No,Black or African American,7/7/2014,9/5/2015,attendance,Terminated for Cause,Sales,John Smith,17,CareerBuilder,Fully Meets,3.97,4,1/15/2014,0,7
10283,2,1,54933,Production Technician I,MA,08/09/74,M ,Married,US Citizen,No,Black or African American,4/2/2012,6/25/2015,military,Voluntarily Terminated,Production       ,Webster Butler,39,Diversity Job Fair,Needs Improvement,3.97,4,1/20/2015,3,15
10018,4,0,57815,Production Technician I,MA,05/08/80,F,Single,US Citizen,Yes,Two or more races,9/29/2014,,N/A-StillEmployed,Active,Production       ,Amy Dunn,11,Indeed,Exceeds,3.90,4,2/7/2019,0,3
10255,3,0,61555,Area Sales Manager,IN,09/22/89,F,Single,US Citizen,No,White,2/16/2015,,N/A-StillEmployed,Active,Sales,Lynn Daneault,21,Indeed,Fully Meets,4.50,5,1/25/2019,0,20
10246,3,0,114800,Database Administrator,MA,10/23/71,F,Single,US Citizen,No,White,2/16/2015,3/15/2015,"no-call, no-show",Terminated for Cause,IT/IS,Simon Roup,4,Indeed,Fully Meets,4.60,4,1/20/2015,0,10
10228,3,0,74679,IT Support,MA,11/24/89,M ,Married,US Citizen,Yes,White,3/30/2015,,N/A-StillEmployed,Active,IT/IS,Peter Monroe,7,LinkedIn,Fully Meets,4.30,5,1/10/2019,0,20
10243,3,0,53018,Production Technician I,MA,06/18/92,F,Single,US Citizen,Yes,White,11/11/2013,,N/A-StillEmployed,Active,Production       ,Ketsia Liebig,19,Indeed,Fully Meets,4.30,5,2/18/2019,0,7
10031,4,1,59892,Production Technician I,MA,09/29/69,M ,Divorced,US Citizen,No,Black or African American,7/11/2011,,N/A-StillEmployed,Active,Production       ,Brannon Miller,12,Diversity Job Fair,Exceeds,4.50,4,2/18/2019,0,1
10300,1,1,68898,Production Technician II,MA,10/12/64,M ,Married,US Citizen,No,Black or African American,4/26/2010,5/30/2011,career change,Voluntarily Terminated,Production       ,Brannon Miller,12,Diversity Job Fair,PIP,3.00,3,3/6/2011,3,10
10101,3,0,61242,IT Support,MA,04/16/81,F,Separated,US Citizen,Yes,White,1/5/2015,,N/A-StillEmployed,Active,IT/IS,Peter Monroe,7,Employee Referral,Fully Meets,4.61,4,1/28/2019,0,11
10237,3,0,66825,Production Technician II,MA,05/25/86,F,Married,US Citizen,No,White,5/12/2014,,N/A-StillEmployed,Active,Production       ,David Stanley,14,LinkedIn,Fully Meets,4.60,3,2/7/2019,0,20
10051,3,0,48285,Production Technician I,MA,05/21/79,M ,Married,US Citizen,No,White,7/2/2012,,N/A-StillEmployed,Active,Production       ,David Stanley,14,LinkedIn,Fully Meets,5.00,3,1/14/2019,0,2
10218,3,0,66149,Production Technician II,MA,12/08/83,F,Separated,US Citizen,No,American Indian or Alaska Native,9/30/2013,,N/A-StillEmployed,Active,Production       ,Kissy Sullivan,20,Google Search,Fully Meets,4.40,5,2/21/2019,0,1
10256,3,0,49256,Production Technician I,MA,10/09/74,F,Married,US Citizen,No,Asian,8/19/2013,,N/A-StillEmployed,Active,Production       ,Kissy Sullivan,20,LinkedIn,Fully Meets,4.10,5,2/15/2019,0,3
10098,3,0,62957,Production Manager,MA,07/11/81,M ,Divorced,US Citizen,No,White,6/2/2015,,N/A-StillEmployed,Active,Production       ,Janet King,2,Employee Referral,Fully Meets,4.63,3,1/4/2019,0,2
10059,3,0,63813,Production Technician I,MA,05/21/83,F,Divorced,US Citizen,No,White,2/21/2011,1/11/2014,more money,Voluntarily Terminated,Production       ,Kelley Spirea,18,CareerBuilder,Fully Meets,5.00,5,6/3/2013,0,17
10234,3,0,99020,BI Developer,MA,06/30/89,M ,Married,US Citizen,No,Black or African American,4/20/2017,,N/A-StillEmployed,Active,IT/IS,Brian Champaigne,13,Indeed,Fully Meets,4.20,5,1/28/2019,0,8
10109,3,0,71707,Area Sales Manager,TN,02/09/69,M ,Single,US Citizen,No,Two or more races,3/7/2012,10/31/2014,relocation out of area,Voluntarily Terminated,Sales,John Smith,17,LinkedIn,Fully Meets,4.50,5,2/1/2013,0,20
10125,3,0,54828,Production Technician I,MA,03/23/77,F,Married,US Citizen,No,White,11/28/2011,,N/A-StillEmployed,Active,Production       ,Michael Albert,22,Google Search,Fully Meets,4.20,4,2/22/2019,0,13
10074,3,0,64246,Production Technician II,MA,08/10/88,M ,Single,US Citizen,Yes,White,11/11/2013,,N/A-StillEmployed,Active,Production       ,Kelley Spirea,18,LinkedIn,Fully Meets,5.00,3,1/8/2019,0,20
10097,3,0,52177,Production Technician I,MA,08/18/52,F,Single,US Citizen,No,White,1/9/2012,12/15/2015,retiring,Voluntarily Terminated,Production       ,Webster Butler,39,CareerBuilder,Fully Meets,4.64,4,5/2/2015,0,8
10007,4,0,62065,Production Technician I,MA,05/02/74,F,Married,US Citizen,No,White,5/12/2014,,N/A-StillEmployed,Active,Production       ,Amy Dunn,11,CareerBuilder,Exceeds,4.76,4,2/15/2019,0,5
10129,3,0,46998,Production Technician I,MA,01/04/84,M ,Single,US Citizen,No,White,8/13/2012,,N/A-StillEmployed,Active,Production       ,Ketsia Liebig,19,Google Search,Fully Meets,4.17,4,2/11/2019,0,1
10075,3,0,68099,Production Technician II,MA,08/27/72,F,Single,US Citizen,No,White,1/10/2011,6/18/2013,hours,Voluntarily Terminated,Production       ,Kelley Spirea,18,CareerBuilder,Fully Meets,5.00,3,1/30/2013,0,15
10167,3,0,70545,Area Sales Manager,NH,09/14/88,M ,Married,US Citizen,No,American Indian or Alaska Native,8/18/2014,,N/A-StillEmployed,Active,Sales,John Smith,17,Indeed,Fully Meets,3.60,5,1/30/2019,0,9
10195,3,0,63478,Production Technician II,MA,02/16/84,F,Married,Non-Citizen,No,White,8/15/2011,4/7/2012,relocation out of area,Voluntarily Terminated,Production       ,Michael Albert,30,Indeed,Fully Meets,3.03,5,3/5/2012,0,16
10112,3,0,97999,Database Administrator,MA,02/21/84,F,Single,US Citizen,No,White,3/30/2015,,N/A-StillEmployed,Active,IT/IS,Simon Roup,4,Indeed,Fully Meets,4.48,5,1/3/2019,0,4
10272,3,0,180000,Director of Sales,RI,03/17/66,F,Married,US Citizen,No,White,5/5/2014,,N/A-StillEmployed,Active,Sales,Janet King,2,LinkedIn,Fully Meets,4.50,4,1/21/2019,0,19
10182,3,0,49920,Administrative Assistant,MA,09/16/85,F,Married,US Citizen,No,Black or African American,2/16/2015,4/15/2015,"no-call, no-show",Terminated for Cause,Admin Offices,Brandon R. LeBlanc,1,Indeed,Fully Meets,3.24,3,4/15/2015,0,6
10248,3,0,55425,Production Technician I,MA,06/10/86,F,Single,US Citizen,No,White,2/20/2012,,N/A-StillEmployed,Active,Production       ,Ketsia Liebig,19,LinkedIn,Fully Meets,4.80,4,1/7/2019,0,4
10201,3,0,69340,Production Technician II,MA,03/11/84,F,Single,US Citizen,No,White,6/6/2016,,N/A-StillEmployed,Active,Production       ,Elijiah Gray,16,LinkedIn,Fully Meets,3.00,5,1/18/2019,0,4
10214,3,0,64995,Production Technician II,MA,05/07/92,F,Separated,US Citizen,No,White,6/5/2015,,N/A-StillEmployed,Active,Production       ,Webster Butler,,Indeed,Fully Meets,4.50,3,2/14/2019,0,6
10160,3,0,68182,Production Technician II,MA,09/22/76,F,Divorced,US Citizen,No,White,2/21/2011,4/1/2013,unhappy,Voluntarily Terminated,Production       ,Amy Dunn,11,Google Search,Fully Meets,3.72,3,2/1/2013,0,18
10289,2,0,83082,Production Manager,MA,11/15/76,M ,Married,US Citizen,No,Asian,2/21/2011,9/24/2012,unhappy,Voluntarily Terminated,Production       ,Janet King,2,Indeed,Needs Improvement,2.34,2,4/12/2012,3,4
10139,3,0,51908,Production Technician I,MA,01/28/91,F,Single,US Citizen,No,White,8/19/2013,,N/A-StillEmployed,Active,Production       ,Brannon Miller,12,Indeed,Fully Meets,3.99,3,1/14/2019,0,14
10227,3,0,61242,Production Technician I,MA,09/11/72,F,Single,US Citizen,No,Black or African American,11/5/2012,,N/A-StillEmployed,Active,Production       ,David Stanley,14,LinkedIn,Fully Meets,4.10,3,1/17/2019,0,7
10236,3,0,45069,Production Technician I,MA,03/22/66,F,Divorced,US Citizen,No,White,9/30/2013,,N/A-StillEmployed,Active,Production       ,Kissy Sullivan,20,Employee Referral,Fully Meets,4.30,5,2/22/2019,0,7
10009,4,0,60724,Production Technician II,MA,11/06/86,F,Divorced,US Citizen,No,American Indian or Alaska Native,7/5/2011,,N/A-StillEmployed,Active,Production       ,Ketsia Liebig,19,LinkedIn,Exceeds,4.60,4,2/25/2019,0,11
10060,3,0,60436,Production Technician I,MA,04/13/64,F,Separated,US Citizen,No,White,1/6/2014,,N/A-StillEmployed,Active,Production       ,Kelley Spirea,18,LinkedIn,Fully Meets,5.00,5,1/21/2019,0,9
10034,4,0,46837,Production Technician I,MA,08/19/59,M ,Married,US Citizen,No,White,11/7/2011,4/29/2018,more money,Voluntarily Terminated,Production       ,Michael Albert,22,CareerBuilder,Exceeds,4.70,4,2/14/2018,0,9
10156,3,0,105700,Database Administrator,MA,11/07/86,F,Married,US Citizen,No,Asian,1/5/2015,,N/A-StillEmployed,Active,IT/IS,Simon Roup,4,Indeed,Fully Meets,3.75,3,2/11/2019,0,2
10036,4,0,63322,Production Technician II,MA,09/08/69,F,Single,US Citizen,No,White,7/7/2014,,N/A-StillEmployed,Active,Production       ,Brannon Miller,12,LinkedIn,Exceeds,4.30,3,1/11/2019,0,1
10138,3,0,61154,Production Technician I,MA,04/17/86,F,Married,US Citizen,No,Black or African American,1/10/2011,4/1/2016,unhappy,Voluntarily Terminated,Production       ,Elijiah Gray,16,CareerBuilder,Fully Meets,4.00,4,2/3/2016,0,4
10244,3,0,68999,Sales Manager,PA,11/11/89,F,Single,US Citizen,No,White,11/7/2011,4/24/2014,maternity leave - did not return,Voluntarily Terminated,Sales,Debra Houlihan,15,Google Search,Fully Meets,4.50,5,3/30/2013,0,2
10192,3,0,50482,Production Technician I,MA,01/19/76,M ,Single,US Citizen,No,White,9/30/2013,,N/A-StillEmployed,Active,Production       ,Michael Albert,22,Indeed,Fully Meets,3.07,4,1/23/2019,0,10
10231,3,0,65310,Area Sales Manager,CO,11/27/79,M ,Single,US Citizen,No,White,8/19/2013,,N/A-StillEmployed,Active,Sales,Lynn Daneault,21,Indeed,Fully Meets,4.30,5,1/22/2019,0,13
10089,3,0,250000,President & CEO,MA,09/21/54,F,Married,US Citizen,Yes,White,7/2/2012,,N/A-StillEmployed,Active,Executive Office,Board of Directors,9,Indeed,Fully Meets,4.83,3,1/17/2019,0,10
10166,3,0,54005,Production Technician I,MA,12/08/73,F,Married,US Citizen,No,White,9/26/2011,6/4/2015,more money,Voluntarily Terminated,Production       ,Webster Butler,39,Google Search,Fully Meets,3.60,5,3/1/2015,0,16
10170,3,0,45433,Production Technician I,MA,10/08/70,F,Married,US Citizen,No,White,9/26/2011,1/9/2014,more money,Voluntarily Terminated,Production       ,Amy Dunn,11,Google Search,Fully Meets,3.49,4,1/30/2013,0,6
10208,3,0,46654,Production Technician I,MA,11/10/77,M ,Single,US Citizen,No,Black or African American,2/17/2014,,N/A-StillEmployed,Active,Production       ,Ketsia Liebig,19,LinkedIn,Fully Meets,3.10,3,2/6/2019,0,3
10176,3,0,63973,Production Technician I,MA,02/02/80,M ,Married,US Citizen,No,Asian,1/10/2011,,N/A-StillEmployed,Active,Production       ,Brannon Miller,12,Indeed,Fully Meets,3.38,3,1/21/2019,0,17
10165,3,1,71339,Area Sales Manager,NY,02/24/69,M ,Single,US Citizen,Yes,Black or African American,3/7/2011,,N/A-StillEmployed,Active,Sales,John Smith,17,Diversity Job Fair,Fully Meets,3.65,5,1/17/2019,0,20
10113,3,0,93206,Sr. Network Engineer,MA,04/23/86,M ,Married,US Citizen,No,White,11/10/2014,,N/A-StillEmployed,Active,IT/IS,Peter Monroe,7,Employee Referral,Fully Meets,4.46,5,1/7/2019,0,7
10092,3,0,82758,Production Manager,MA,07/01/72,M ,Married,US Citizen,No,White,1/10/2011,12/12/2015,attendance,Terminated for Cause,Production       ,Janet King,2,Employee Referral,Fully Meets,4.78,4,2/15/2015,0,9
10106,3,0,66074,Production Technician II,MA,07/25/79,F,Divorced,US Citizen,No,Asian,1/7/2013,3/31/2014,Another position,Voluntarily Terminated,Production       ,David Stanley,14,Indeed,Fully Meets,4.52,3,2/20/2014,0,20
10052,3,0,46120,Production Technician I,MA,12/09/86,M ,Married,US Citizen,No,White,7/9/2012,,N/A-StillEmployed,Active,Production       ,David Stanley,14,LinkedIn,Fully Meets,5.00,5,2/4/2019,0,13
10038,3,0,64520,Accountant I,MA,04/26/84,M ,Divorced,US Citizen,No,Black or African American,1/6/2014,,N/A-StillEmployed,Active,Admin Offices,Brandon R. LeBlanc,1,Website,Fully Meets,5.00,4,1/17/2019,0,3
10249,3,0,61962,Production Technician II,MA,05/09/84,M ,Married,US Citizen,No,White,4/2/2012,4/15/2013,more money,Voluntarily Terminated,Production       ,Kissy Sullivan,20,Google Search,Fully Meets,4.90,3,2/20/2013,0,20
10232,3,0,81584,Senior BI Developer,MA,06/14/87,F,Single,US Citizen,No,Asian,10/2/2016,,N/A-StillEmployed,Active,IT/IS,Brian Champaigne,13,Indeed,Fully Meets,4.10,5,1/8/2019,0,2
10087,3,0,63676,Production Technician I,MA,01/17/79,F,Single,US Citizen,No,Asian,9/26/2011,8/19/2018,return to school,Voluntarily Terminated,Production       ,Kissy Sullivan,20,CareerBuilder,Fully Meets,4.88,3,7/2/2017,0,17
10134,3,0,93046,Shared Services Manager,MA,06/10/84,M ,Married,US Citizen,No,White,1/5/2016,,N/A-StillEmployed,Active,Admin Offices,Janet King,2,CareerBuilder,Fully Meets,4.10,4,1/28/2019,0,20
10251,3,0,64738,Production Technician I,MA,09/02/82,M ,Married,US Citizen,No,Asian,5/14/2012,,N/A-StillEmployed,Active,Production       ,Elijiah Gray,16,Google Search,Fully Meets,4.10,3,2/22/2019,0,10
10103,3,0,70468,Area Sales Manager,UT,12/27/88,M ,Separated,US Citizen,No,Black or African American,4/30/2012,,N/A-StillEmployed,Active,Sales,John Smith,17,Website,Fully Meets,4.53,3,1/29/2019,0,16
10017,4,0,77915,Production Manager,MA,10/26/81,F,Married,US Citizen,No,White,9/30/2013,,N/A-StillEmployed,Active,Production       ,Janet King,2,Website,Exceeds,4.10,3,1/21/2019,0,11
10186,3,0,52624,Production Technician I,MA,03/26/81,F,Married,US Citizen,No,White,7/5/2011,9/26/2018,unhappy,Voluntarily Terminated,Production       ,Michael Albert,22,Indeed,Fully Meets,3.18,4,3/2/2018,0,16
10137,3,0,63450,Production Technician II,MA,03/19/79,M ,Married,US Citizen,No,White,7/8/2013,,N/A-StillEmployed,Active,Production       ,Kelley Spirea,18,LinkedIn,Fully Meets,4.00,3,2/18/2019,0,7
10008,4,1,51777,IT Support,CT,10/05/88,F,Single,US Citizen,Yes,Black or African American,1/21/2011,,N/A-StillEmployed,Active,IT/IS,Eric Dougall,6,Diversity Job Fair,Exceeds,4.64,4,1/25/2019,0,14
10096,3,0,67237,Production Technician II,MA,12/26/76,F,Widowed,US Citizen,No,White,7/8/2013,9/15/2016,more money,Voluntarily Terminated,Production       ,Michael Albert,22,LinkedIn,Fully Meets,4.65,4,6/10/2016,0,15
10035,4,0,73330,Production Technician II,MA,03/28/82,F,Single,US Citizen,No,Black or African American,8/19/2013,,N/A-StillEmployed,Active,Production       ,Elijiah Gray,16,Indeed,Exceeds,4.20,4,2/12/2019,0,19
10057,3,0,52057,Production Technician I,MA,10/22/75,F,Married,US Citizen,No,Black or African American,2/16/2015,,N/A-StillEmployed,Active,Production       ,Elijiah Gray,16,Website,Fully Meets,5.00,3,1/23/2019,0,6
10004,4,1,47434,Production Technician I,MA,02/14/73,F,Single,US Citizen,Yes,Black or African American,11/7/2011,11/14/2015,Another position,Voluntarily Terminated,Production       ,Webster Butler,39,Diversity Job Fair,Exceeds,5.00,4,2/2/2015,0,17
10191,3,0,52788,Production Technician I,MA,11/09/72,M ,Widowed,US Citizen,No,White,9/24/2012,9/26/2017,hours,Voluntarily Terminated,Production       ,Amy Dunn,11,Indeed,Fully Meets,3.08,4,4/1/2017,0,18
10219,3,0,45395,Production Technician I,MA,07/07/86,F,Single,US Citizen,No,White,1/6/2014,,N/A-StillEmployed,Active,Production       ,Ketsia Liebig,19,LinkedIn,Fully Meets,4.60,4,2/26/2019,0,14
10077,3,0,62385,Production Technician II,MA,08/25/76,F,Married,US Citizen,No,White,5/11/2016,,N/A-StillEmployed,Active,Production       ,Webster Butler,,LinkedIn,Fully Meets,5.00,3,1/21/2019,0,4
10073,3,0,68407,Production Technician II,MA,12/10/86,F,Married,US Citizen,No,Two or more races,7/5/2011,8/19/2012,Another position,Voluntarily Terminated,Production       ,Amy Dunn,11,LinkedIn,Fully Meets,5.00,4,7/2/2012,0,16
10279,3,0,61349,Production Technician I,MA,11/07/74,F,Married,US Citizen,No,White,11/11/2013,,N/A-StillEmployed,Active,Production       ,Brannon Miller,12,LinkedIn,Fully Meets,4.10,3,1/22/2019,0,11
10110,3,0,105688,Software Engineer,MA,11/07/87,F,Single,US Citizen,No,Asian,11/11/2013,,N/A-StillEmployed,Active,Software Engineering,Alex Sweetwater,10,Google Search,Fully Meets,4.50,5,1/14/2019,0,14
10053,3,0,54132,Production Technician I,MA,11/22/77,F,Married,US Citizen,No,White,5/31/2011,,N/A-StillEmployed,Active,Production       ,David Stanley,14,Indeed,Fully Meets,5.00,4,1/10/2019,0,8
10076,3,0,55315,Production Technician II,MA,05/21/87,F,Single,US Citizen,No,Black or African American,3/30/2015,,N/A-StillEmployed,Active,Production       ,Ketsia Liebig,19,LinkedIn,Fully Meets,5.00,5,2/7/2019,0,16
10145,3,0,62810,Production Technician I,MA,01/07/87,F,Married,US Citizen,No,Black or African American,1/7/2013,,N/A-StillEmployed,Active,Production       ,Kissy Sullivan,20,CareerBuilder,Fully Meets,3.93,3,1/30/2019,0,20
10202,3,0,63291,Area Sales Manager,TX,07/01/84,M ,Married,US Citizen,No,Two or more races,7/6/2016,,N/A-StillEmployed,Active,Sales,Lynn Daneault,21,Website,Fully Meets,3.40,4,1/29/2019,0,7
10128,3,1,62659,Production Technician I,MA,05/30/68,F,Single,US Citizen,No,Black or African American,4/2/2012,11/11/2016,Another position,Voluntarily Terminated,Production       ,Kelley Spirea,18,Diversity Job Fair,Fully Meets,4.18,4,2/5/2016,0,17
10068,3,0,55688,Production Technician I,MA,09/22/76,F,Single,US Citizen,No,White,3/30/2015,,N/A-StillEmployed,Active,Production       ,Michael Albert,22,CareerBuilder,Fully Meets,5.00,4,1/21/2019,0,10
10116,3,0,83667,Production Manager,MA,08/10/81,M ,Single,US Citizen,yes,Hispanic,8/16/2012,,N/A-StillEmployed,Active,Production       ,Janet King,2,Indeed,Fully Meets,4.37,3,1/14/2019,0,2
10298,1,0,55800,Production Technician II,MA,06/29/85,M ,Single,US Citizen,No,White,8/15/2011,9/4/2014,unhappy,Voluntarily Terminated,Production       ,Brannon Miller,12,LinkedIn,PIP,3.00,2,1/14/2013,6,6
10213,3,0,58207,Production Technician II,MA,08/17/92,M ,Married,US Citizen,No,White,11/7/2011,,N/A-StillEmployed,Active,Production       ,David Stanley,14,LinkedIn,Fully Meets,3.70,3,1/8/2019,0,14
10288,2,1,157000,IT Manager - Infra,MA,10/05/86,M ,Married,Eligible NonCitizen,Yes,Black or African American,2/15/2012,,N/A-StillEmployed,Active,IT/IS,Jennifer Zamora,5,Diversity Job Fair,Needs Improvement,2.39,3,2/22/2019,4,13
10025,4,0,72460,Production Technician II,MA,04/24/70,F,Single,US Citizen,No,Black or African American,5/13/2013,,N/A-StillEmployed,Active,Production       ,Kissy Sullivan,20,Indeed,Exceeds,4.70,3,1/14/2019,0,1
10223,3,1,72106,Production Technician II,MA,12/03/76,M ,Single,US Citizen,No,Black or African American,1/9/2012,,N/A-StillEmployed,Active,Production       ,Kelley Spirea,18,Diversity Job Fair,Fully Meets,4.10,4,1/31/2019,0,12
10151,3,0,52599,Network Engineer,MA,04/04/79,F,Married,US Citizen,No,White,2/16/2015,,N/A-StillEmployed,Active,IT/IS,Peter Monroe,7,CareerBuilder,Fully Meets,3.81,3,2/11/2019,0,6
10254,3,0,63430,Production Technician I,MA,07/07/84,F,Divorced,US Citizen,No,White,4/1/2013,,N/A-StillEmployed,Active,Production       ,Elijiah Gray,16,LinkedIn,Fully Meets,4.40,4,1/17/2019,0,18
10120,3,0,74417,Production Technician II,MA,12/01/74,M ,Separated,US Citizen,No,Black or African American,5/13/2013,,N/A-StillEmployed,Active,Production       ,Michael Albert,22,LinkedIn,Fully Meets,4.29,5,1/28/2019,0,11
10216,3,0,57575,Production Technician I,MA,04/18/80,M ,Single,US Citizen,No,Asian,7/8/2013,,N/A-StillEmployed,Active,Production       ,Kissy Sullivan,20,LinkedIn,Fully Meets,4.10,4,1/22/2019,0,13
10079,3,0,87921,Senior BI Developer,MA,04/25/70,M ,Single,US Citizen,No,Asian,2/10/2017,,N/A-StillEmployed,Active,IT/IS,Brian Champaigne,13,Indeed,Fully Meets,5.00,3,2/25/2019,0,17
10215,3,1,50470,Production Technician I,MA,05/02/89,M ,Single,US Citizen,No,Black or African American,9/26/2011,4/4/2014,return to school,Voluntarily Terminated,Production       ,Webster Butler,39,Diversity Job Fair,Fully Meets,4.30,3,3/2/2013,0,19
10185,3,0,46664,Production Technician I,MA,03/28/83,M ,Married,US Citizen,No,White,4/1/2013,5/25/2016,more money,Voluntarily Terminated,Production       ,Amy Dunn,11,Employee Referral,Fully Meets,3.18,3,3/6/2016,0,10
10063,3,0,48495,Production Technician I,MA,04/08/77,M ,Married,US Citizen,No,White,5/12/2014,,N/A-StillEmployed,Active,Production       ,Ketsia Liebig,19,LinkedIn,Fully Meets,5.00,5,2/18/2019,0,11
10037,4,1,52984,Production Technician I,MA,06/03/67,F,Separated,US Citizen,No,Black or African American,4/1/2013,,N/A-StillEmployed,Active,Production       ,Brannon Miller,12,Diversity Job Fair,Exceeds,4.00,3,2/13/2019,0,12
10042,3,0,63695,Area Sales Manager,GA,03/31/89,F,Single,US Citizen,No,Two or more races,7/8/2013,,N/A-StillEmployed,Active,Sales,Lynn Daneault,21,Indeed,Fully Meets,5.00,5,1/25/2019,0,2
10206,3,0,62061,Production Technician I,MA,07/07/84,F,Single,US Citizen,No,White,7/8/2013,,N/A-StillEmployed,Active,Production       ,David Stanley,14,LinkedIn,Fully Meets,3.60,5,1/2/2019,0,4
10104,3,0,66738,Production Technician II,MA,11/23/85,F,Single,US Citizen,No,White,11/10/2014,,N/A-StillEmployed,Active,Production       ,Elijiah Gray,16,Indeed,Fully Meets,4.53,5,1/16/2019,0,5
10303,1,0,52674,Production Technician I,MA,09/30/80,F,Single,US Citizen,No,Two or more races,3/31/2014,5/1/2018,performance,Terminated for Cause,Production       ,Kissy Sullivan,20,LinkedIn,PIP,2.33,2,3/9/2018,6,3
10078,3,0,71966,Production Technician II,MA,02/11/52,F,Married,US Citizen,No,Asian,5/14/2012,8/19/2013,unhappy,Voluntarily Terminated,Production       ,Webster Butler,39,LinkedIn,Fully Meets,5.00,3,7/2/2013,0,17
10121,3,0,63051,Area Sales Manager,FL,05/11/90,F,Single,US Citizen,Yes,White,9/30/2013,,N/A-StillEmployed,Active,Sales,Lynn Daneault,21,Indeed,Fully Meets,4.28,3,1/25/2019,0,1
10021,4,0,47414,Production Technician I,MA,12/11/76,M ,Married,US Citizen,No,White,9/30/2013,,N/A-StillEmployed,Active,Production       ,Kelley Spirea,18,LinkedIn,Exceeds,5.00,3,2/7/2019,0,13
10281,2,0,53060,Production Technician I,MA,11/24/79,M ,Single,US Citizen,No,Black or African American,2/17/2014,,N/A-StillEmployed,Active,Production       ,Michael Albert,22,LinkedIn,Needs Improvement,4.25,3,2/4/2019,4,6
10041,3,0,68829,Area Sales Manager,NC,05/19/82,M ,Single,US Citizen,No,White,1/5/2015,,N/A-StillEmployed,Active,Sales,John Smith,17,Website,Fully Meets,5.00,5,1/14/2019,0,18
10148,3,0,63515,Production Technician I,MA,05/01/79,F,Married,US Citizen,No,White,2/7/2011,1/12/2014,Another position,Voluntarily Terminated,Production       ,Elijiah Gray,16,Google Search,Fully Meets,3.89,4,3/4/2013,0,7
10005,4,1,108987,Software Engineer,MA,02/20/79,M ,Single,US Citizen,No,Black or African American,11/7/2011,9/7/2015,Another position,Voluntarily Terminated,Software Engineering,Alex Sweetwater,10,Diversity Job Fair,Exceeds,5.00,5,8/16/2015,0,13
10259,3,0,93093,Data Analyst,MA,09/05/84,M ,Married,US Citizen,No,White,12/1/2014,5/1/2016,performance,Voluntarily Terminated,IT/IS,Simon Roup,4,Employee Referral,Fully Meets,4.70,4,1/16/2016,0,19
10286,2,0,53564,Production Technician I,MA,03/17/88,M ,Single,US Citizen,No,Black or African American,1/10/2011,12/28/2017,career change,Voluntarily Terminated,Production       ,Webster Butler,39,Google Search,Needs Improvement,3.54,5,4/6/2017,4,15
10297,2,0,60270,Production Technician II,MA,07/18/89,F,Married,US Citizen,No,Asian,7/5/2011,9/15/2015,unhappy,Voluntarily Terminated,Production       ,Amy Dunn,11,CareerBuilder,Needs Improvement,2.40,5,2/6/2015,5,2
10171,3,0,45998,Production Technician I,MA,07/20/86,F,Single,US Citizen,No,White,5/16/2011,10/25/2015,medical issues,Voluntarily Terminated,Production       ,Amy Dunn,11,LinkedIn,Fully Meets,3.45,4,5/13/2014,0,5
10032,4,0,57954,Production Technician II,MA,08/17/86,F,Married,US Citizen,No,White,5/16/2011,2/4/2013,more money,Voluntarily Terminated,Production       ,Ketsia Liebig,19,Indeed,Exceeds,4.20,5,1/10/2013,0,12
10130,3,0,74669,Production Manager,MA,05/09/77,F,Married,US Citizen,No,White,10/25/2010,5/18/2016,Another position,Voluntarily Terminated,Production       ,Janet King,2,Indeed,Fully Meets,4.16,5,3/5/2015,0,6
10217,3,0,74226,Production Technician II,MA,03/10/79,F,Married,Eligible NonCitizen,No,Asian,4/2/2012,,N/A-StillEmployed,Active,Production       ,Brannon Miller,12,LinkedIn,Fully Meets,4.30,3,1/14/2019,0,14
10016,4,0,93554,Data Analyst,MA,09/16/84,F,Married,US Citizen,No,Black or African American,11/10/2014,,N/A-StillEmployed,Active,IT/IS,Simon Roup,4,Employee Referral,Exceeds,4.60,5,1/4/2019,0,16
10050,3,0,64724,Production Technician I,MA,03/06/88,M ,Married,US Citizen,No,Asian,7/5/2011,11/30/2012,more money,Voluntarily Terminated,Production       ,Brannon Miller,12,Google Search,Fully Meets,5.00,3,2/20/2012,0,13
10164,3,0,47001,Production Technician I,MA,11/23/81,M ,Single,US Citizen,No,White,11/5/2007,,N/A-StillEmployed,Active,Production       ,David Stanley,14,Google Search,Fully Meets,3.66,3,2/25/2019,0,15
10124,3,0,61844,Area Sales Manager,KY,08/29/88,F,Married,US Citizen,No,Black or African American,1/9/2012,,N/A-StillEmployed,Active,Sales,Lynn Daneault,21,Website,Fully Meets,4.20,5,2/1/2019,0,9
10187,3,0,46799,Production Technician I,MA,10/15/84,F,Divorced,Eligible NonCitizen,No,Asian,5/16/2011,6/4/2018,Another position,Voluntarily Terminated,Production       ,Kissy Sullivan,20,Google Search,Fully Meets,3.17,4,4/2/2018,0,14
10225,3,0,59472,Production Technician I,MA,06/19/61,M ,Single,US Citizen,No,White,1/6/2014,,N/A-StillEmployed,Active,Production       ,Kelley Spirea,18,Employee Referral,Fully Meets,4.80,3,1/7/2019,0,14
10262,3,0,46430,Production Technician I,MA,09/22/70,F,Divorced,US Citizen,No,White,9/24/2012,6/18/2013,unhappy,Voluntarily Terminated,Production       ,Kissy Sullivan,20,Indeed,Fully Meets,4.50,5,4/2/2013,0,16
10131,3,1,83363,Software Engineer,MA,11/06/84,M ,Married,Eligible NonCitizen,No,Black or African American,2/21/2011,8/15/2015,career change,Voluntarily Terminated,Software Engineering,Janet King,2,Diversity Job Fair,Fully Meets,4.15,4,4/19/2014,0,4
10239,3,0,95920,BI Developer,MA,05/12/80,F,Married,US Citizen,No,Black or African American,10/2/2016,,N/A-StillEmployed,Active,IT/IS,Brian Champaigne,13,Indeed,Fully Meets,4.40,4,2/6/2019,0,10
10152,3,0,61729,Production Technician I,MA,12/31/84,M ,Divorced,US Citizen,No,White,9/26/2011,4/7/2018,more money,Voluntarily Terminated,Production       ,Michael Albert,22,Indeed,Fully Meets,3.80,5,2/4/2018,0,19
10140,3,0,61809,Area Sales Manager,ID,10/12/54,M ,Married,US Citizen,No,White,5/12/2014,,N/A-StillEmployed,Active,Sales,John Smith,17,CareerBuilder,Fully Meets,3.98,3,1/28/2019,0,4
10058,3,0,45115,Production Technician I,MA,07/22/82,M ,Divorced,US Citizen,Yes,White,5/16/2011,1/15/2016,retiring,Voluntarily Terminated,Production       ,Elijiah Gray,16,LinkedIn,Fully Meets,5.00,4,3/30/2015,0,11
10011,4,0,46738,Production Technician I,MA,01/12/73,F,Married,US Citizen,No,Asian,11/28/2011,,N/A-StillEmployed,Active,Production       ,Webster Butler,,Google Search,Exceeds,4.36,5,2/11/2019,0,16
10230,3,0,64971,Production Technician II,MA,09/05/81,F,Divorced,Eligible NonCitizen,No,Black or African American,9/26/2011,10/22/2011,return to school,Voluntarily Terminated,Production       ,David Stanley,14,Google Search,Fully Meets,4.50,4,10/22/2011,0,10
10224,3,0,55578,Production Technician II,MA,07/03/72,M ,Married,US Citizen,No,White,7/5/2011,2/8/2012,Another position,Voluntarily Terminated,Production       ,Kissy Sullivan,20,Indeed,Fully Meets,4.20,5,1/6/2012,0,13
10047,3,0,50428,Production Technician I,MA,01/07/74,M ,Married,US Citizen,No,Black or African American,1/10/2011,1/26/2016,attendance,Voluntarily Terminated,Production       ,Amy Dunn,11,Indeed,Fully Meets,5.00,3,1/10/2015,0,11
10285,2,0,61422,Production Technician I,MA,01/07/85,F,Married,US Citizen,No,White,1/10/2011,5/17/2016,attendance,Terminated for Cause,Production       ,Ketsia Liebig,19,Indeed,Needs Improvement,3.60,3,4/5/2016,4,16
10020,4,0,63353,Production Technician I,MA,01/28/85,M ,Widowed,US Citizen,No,White,7/8/2013,,N/A-StillEmployed,Active,Production       ,Brannon Miller,12,Employee Referral,Exceeds,3.60,5,2/11/2019,0,4
10162,3,0,89883,Data Analyst,MA,10/11/81,F,Married,US Citizen,No,White,2/16/2015,,N/A-StillEmployed,Active,IT/IS,Simon Roup,4,Employee Referral,Fully Meets,3.69,5,2/14/2019,0,15
10149,3,0,120000,Principal Data Architect,MA,05/27/73,F,Single,US Citizen,Yes,White,1/5/2015,11/10/2018,Another position,Voluntarily Terminated,IT/IS,Simon Roup,4,LinkedIn,Fully Meets,3.88,3,2/13/2018,0,12
10086,3,0,150290,Data Architect,MA,11/21/72,F,Single,US Citizen,No,Black or African American,1/7/2017,,N/A-StillEmployed,Active,IT/IS,Brian Champaigne,13,Indeed,Fully Meets,4.94,3,2/6/2019,0,17
10054,3,0,60627,Production Technician I,MA,12/05/74,F,Separated,US Citizen,No,White,1/6/2014,,N/A-StillEmployed,Active,Production       ,David Stanley,14,Website,Fully Meets,5.00,4,1/31/2019,0,8
10065,3,0,53180,Production Technician I,MA,03/18/87,M ,Single,US Citizen,No,White,4/4/2011,8/13/2018,Another position,Voluntarily Terminated,Production       ,Kissy Sullivan,20,Google Search,Fully Meets,5.00,5,7/2/2018,0,4
10198,3,0,140920,IT Manager - DB,MA,04/05/73,M ,Single,US Citizen,No,White,1/20/2013,,N/A-StillEmployed,Active,IT/IS,Jennifer Zamora,5,Indeed,Fully Meets,3.60,5,2/18/2019,0,13
10222,3,1,148999,IT Manager - DB,MA,01/04/64,M ,Divorced,US Citizen,No,Black or African American,1/9/2012,11/4/2015,hours,Voluntarily Terminated,IT/IS,Jennifer Zamora,5,Diversity Job Fair,Fully Meets,4.30,4,1/4/2015,0,8
10126,3,0,86214,Software Engineer,MA,07/24/86,F,Married,US Citizen,No,White,11/5/2012,,N/A-StillEmployed,Active,Software Engineering,Alex Sweetwater,10,Indeed,Fully Meets,4.20,3,2/13/2019,0,2
10295,2,1,47750,Production Technician I,MA,06/06/68,F,Single,US Citizen,No,Black or African American,7/4/2016,,N/A-StillEmployed,Active,Production       ,Kelley Spirea,18,Diversity Job Fair,Needs Improvement,2.60,4,2/18/2019,5,4
10260,3,0,46428,Production Technician I,MA,12/21/74,M ,Single,US Citizen,No,White,1/5/2009,7/30/2018,relocation out of area,Voluntarily Terminated,Production       ,Michael Albert,22,Google Search,Fully Meets,4.60,5,2/5/2018,0,7
10233,3,0,57975,Production Technician II,MA,04/26/86,M ,Married,US Citizen,No,White,8/30/2010,,N/A-StillEmployed,Active,Production       ,Kelley Spirea,18,CareerBuilder,Fully Meets,4.10,3,1/10/2019,0,13
10229,3,0,88527,Data Analyst ,MA,12/17/87,M ,Divorced,US Citizen,No,Black or African American,1/5/2015,10/31/2015,hours,Voluntarily Terminated,IT/IS,Simon Roup,4,LinkedIn,Fully Meets,4.20,3,4/20/2015,0,2
10169,3,0,56147,Production Technician I,MA,07/10/88,F,Married,US Citizen,No,Black or African American,9/29/2014,,N/A-StillEmployed,Active,Production       ,Elijiah Gray,16,LinkedIn,Fully Meets,3.51,3,2/18/2019,0,2
10071,3,0,50923,Production Technician I,MA,03/10/75,F,Single,US Citizen,No,Asian,9/30/2013,,N/A-StillEmployed,Active,Production       ,Webster Butler,,Google Search,Fully Meets,5.00,5,2/6/2019,0,14
10179,3,0,50750,Network Engineer,MA,04/14/81,F,Married,US Citizen,No,White,9/30/2014,,N/A-StillEmployed,Active,IT/IS,Peter Monroe,7,LinkedIn,Fully Meets,3.31,3,1/7/2019,0,7
10091,3,0,52087,Production Technician I,MA,08/24/85,F,Married,US Citizen,No,White,8/19/2013,,N/A-StillEmployed,Active,Production       ,Amy Dunn,11,LinkedIn,Fully Meets,4.81,4,2/15/2019,0,15
10178,3,0,87826,Data Analyst,MA,02/08/70,M ,Married,US Citizen,Yes,White,1/5/2015,,N/A-StillEmployed,Active,IT/IS,Simon Roup,4,Employee Referral,Fully Meets,3.32,3,1/14/2019,0,16
10039,3,0,51920,Administrative Assistant,MA,05/19/88,F,Single,US Citizen,No,White,5/1/2015,,N/A-StillEmployed,Active,Admin Offices,Brandon R. LeBlanc,1,Website,Fully Meets,5.00,3,1/15/2019,0,2
10095,3,0,63878,Production Technician II,MA,11/25/87,F,Single,US Citizen,No,White,10/26/2009,4/8/2015,maternity leave - did not return,Voluntarily Terminated,Production       ,Michael Albert,22,CareerBuilder,Fully Meets,4.68,4,4/2/2015,0,20
10027,4,0,60656,Production Technician II,MA,10/30/63,M ,Single,US Citizen,No,White,9/29/2014,,N/A-StillEmployed,Active,Production       ,Elijiah Gray,16,Indeed,Exceeds,4.30,3,1/28/2019,0,4
10291,2,1,72992,Sales Manager,MA,08/16/84,M ,Divorced,US Citizen,No,Black or African American,5/18/2014,,N/A-StillEmployed,Active,Sales,Debra Houlihan,15,Diversity Job Fair,Needs Improvement,2.40,4,1/16/2019,2,16
10153,3,1,55000,Administrative Assistant,MA,06/14/87,F,Married,US Citizen,No,Black or African American,9/26/2011,9/25/2013,career change,Voluntarily Terminated,Admin Offices,Brandon R. LeBlanc,1,Diversity Job Fair,Fully Meets,3.80,4,8/15/2013,0,17
10157,3,0,58939,Production Technician I,MA,02/02/65,F,Single,US Citizen,No,White,11/11/2013,,N/A-StillEmployed,Active,Production       ,Ketsia Liebig,19,Employee Referral,Fully Meets,3.73,3,1/24/2019,0,16
10119,3,0,66593,IT Support,MA,03/12/73,F,Married,US Citizen,No,Black or African American,6/10/2011,,N/A-StillEmployed,Active,IT/IS,Eric Dougall,6,LinkedIn,Fully Meets,4.30,3,2/8/2019,0,19
10180,3,0,87565,Sr. Network Engineer,MA,02/09/83,M ,Married,US Citizen,No,Asian,6/30/2016,,N/A-StillEmployed,Active,IT/IS,Peter Monroe,7,LinkedIn,Fully Meets,3.27,4,1/14/2019,0,13
10302,1,0,64021,Production Technician I,MA,07/20/68,F,Married,US Citizen,No,White,2/20/2012,,N/A-StillEmployed,Active,Production       ,Brannon Miller,12,Indeed,PIP,2.40,2,2/25/2019,6,20
10090,3,0,65714,Production Manager,MA,09/30/75,F,Married,US Citizen,No,White,10/2/2012,,N/A-StillEmployed,Active,Production       ,Janet King,2,LinkedIn,Fully Meets,4.83,5,2/14/2019,0,15
10030,4,0,62425,Production Technician I,MA,03/26/73,F,Divorced,US Citizen,No,White,5/13/2013,6/29/2015,unhappy,Voluntarily Terminated,Production       ,David Stanley,14,LinkedIn,Exceeds,4.10,4,3/2/2015,0,16
10278,3,0,47961,Production Technician I,MA,08/25/82,F,Divorced,US Citizen,No,Two or more races,1/10/2011,,N/A-StillEmployed,Active,Production       ,Kissy Sullivan,20,Google Search,Fully Meets,4.10,4,2/7/2019,0,9
10307,1,0,58273,Area Sales Manager,NV,05/09/74,M ,Married,US Citizen,No,White,5/12/2014,,N/A-StillEmployed,Active,Sales,Lynn Daneault,21,Website,PIP,1.81,2,1/17/2019,3,5
10147,3,0,63003,Accountant I,MA,09/01/86,M ,Single,US Citizen,No,White,9/29/2014,,N/A-StillEmployed,Active,Admin Offices,Brandon R. LeBlanc,1,Indeed,Fully Meets,3.90,5,1/18/2019,0,9
10266,3,0,61355,Production Technician I,MA,03/14/85,M ,Married,US Citizen,No,Asian,2/17/2014,,N/A-StillEmployed,Active,Production       ,Kelley Spirea,18,LinkedIn,Fully Meets,4.70,3,1/11/2019,0,4
10241,3,0,60120,Area Sales Manager,MT,05/12/89,F,Married,US Citizen,No,Black or African American,9/27/2010,,N/A-StillEmployed,Active,Sales,John Smith,17,Indeed,Fully Meets,4.10,4,1/31/2019,0,18
10158,3,0,63682,Production Manager,MA,03/28/78,F,Married,US Citizen,No,Black or African American,1/8/2009,,N/A-StillEmployed,Active,Production       ,Janet King,2,Indeed,Fully Meets,3.73,4,1/24/2019,0,12
10117,3,0,63025,Production Technician I,MA,10/07/82,M ,Married,US Citizen,Yes,White,1/5/2015,,N/A-StillEmployed,Active,Production       ,Michael Albert,22,Google Search,Fully Meets,4.36,5,1/24/2019,0,10
10209,3,0,59238,Production Technician I,MA,08/15/68,F,Single,Eligible NonCitizen,No,Asian,5/14/2012,,N/A-StillEmployed,Active,Production       ,Elijiah Gray,16,Indeed,Fully Meets,3.40,5,1/31/2019,0,13
10024,4,0,92989,Software Engineer,MA,05/06/83,M ,Single,US Citizen,No,White,7/7/2014,,N/A-StillEmployed,Active,Software Engineering,Alex Sweetwater,10,LinkedIn,Exceeds,4.50,5,2/18/2019,0,1
10173,3,0,90100,BI Developer,MA,10/24/87,M ,Married,US Citizen,No,White,4/20/2017,,N/A-StillEmployed,Active,IT/IS,Brian Champaigne,13,Indeed,Fully Meets,3.40,3,1/2/2019,0,14
10221,3,1,60754,Production Technician I,MA,04/03/75,F,Married,Non-Citizen,No,Black or African American,4/27/2009,4/1/2013,Another position,Voluntarily Terminated,Production       ,Webster Butler,39,Diversity Job Fair,Fully Meets,4.50,5,2/15/2012,0,11
10146,3,0,72202,Production Technician II,MA,05/24/53,F,Married,US Citizen,No,White,5/16/2011,7/8/2017,Another position,Voluntarily Terminated,Production       ,Elijiah Gray,16,Google Search,Fully Meets,3.93,3,4/18/2017,0,3
10161,3,0,58370,Area Sales Manager,OR,05/07/65,F,Single,US Citizen,No,Black or African American,9/29/2014,,N/A-StillEmployed,Active,Sales,Lynn Daneault,21,Indeed,Fully Meets,3.69,3,1/28/2019,0,18
10141,3,0,48413,Production Technician I,MA,05/09/65,F,Single,US Citizen,No,White,7/5/2011,9/5/2016,return to school,Voluntarily Terminated,Production       ,Amy Dunn,11,Indeed,Fully Meets,3.98,4,3/2/2016,0,1
10268,3,0,67176,Production Technician II,MA,09/16/75,M ,Widowed,US Citizen,No,White,6/25/2007,8/30/2010,military,Voluntarily Terminated,Production       ,Webster Butler,39,Other,Fully Meets,4.10,4,7/14/2010,0,15
10123,3,0,56339,Production Technician I,MA,06/05/67,F,Divorced,US Citizen,No,Black or African American,2/18/2013,,N/A-StillEmployed,Active,Production       ,Brannon Miller,12,Indeed,Fully Meets,4.21,5,1/14/2019,0,4
10013,4,0,64397,Area Sales Manager,ND,01/15/68,M ,Separated,US Citizen,No,White,1/9/2006,,N/A-StillEmployed,Active,Sales,Lynn Daneault,21,Indeed,Exceeds,4.10,3,1/4/2019,0,6
10287,2,0,63025,Production Technician I,MA,05/16/83,F,Single,US Citizen,No,White,2/17/2014,,N/A-StillEmployed,Active,Production       ,David Stanley,14,LinkedIn,Needs Improvement,2.44,5,2/11/2019,4,18
10044,3,0,75281,Network Engineer,MA,05/05/88,M ,Married,US Citizen,No,White,1/5/2015,2/12/2016,medical issues,Voluntarily Terminated,IT/IS,Peter Monroe,7,CareerBuilder,Fully Meets,5.00,3,4/15/2015,0,11
10102,3,1,100416,Software Engineer,MA,06/14/83,M ,Single,Non-Citizen,No,Black or African American,2/18/2013,4/15/2018,medical issues,Voluntarily Terminated,Software Engineering,Alex Sweetwater,10,Diversity Job Fair,Fully Meets,4.60,3,2/12/2017,0,9
10270,3,0,74813,Production Technician II,MA,03/15/85,F,Single,US Citizen,No,White,1/10/2011,7/2/2014,unhappy,Voluntarily Terminated,Production       ,Amy Dunn,11,LinkedIn,Fully Meets,4.40,3,1/5/2014,0,5
10045,3,0,76029,Network Engineer,MA,03/31/69,M ,Married,Eligible NonCitizen,No,White,3/30/2015,,N/A-StillEmployed,Active,IT/IS,Peter Monroe,7,Employee Referral,Fully Meets,5.00,4,1/14/2019,0,8
10205,3,0,57859,Area Sales Manager,AZ,05/23/91,F,Married,US Citizen,No,Two or more races,7/5/2011,,N/A-StillEmployed,Active,Sales,John Smith,17,Indeed,Fully Meets,2.81,3,1/17/2019,0,16
10014,4,0,58523,Production Technician I,MA,01/31/87,M ,Divorced,US Citizen,No,White,8/13/2012,2/5/2016,maternity leave - did not return,Voluntarily Terminated,Production       ,Kissy Sullivan,20,LinkedIn,Exceeds,4.50,5,2/1/2016,0,15
10144,3,0,88976,Production Manager,MA,10/10/68,M ,Divorced,US Citizen,No,White,8/1/2011,,N/A-StillEmployed,Active,Production       ,Janet King,2,Employee Referral,Fully Meets,3.93,3,2/27/2019,0,19
10253,3,0,55875,Area Sales Manager,ME,07/11/89,M ,Single,US Citizen,No,Asian,3/5/2012,,N/A-StillEmployed,Active,Sales,John Smith,17,Website,Fully Meets,4.50,4,1/18/2019,0,11
10118,3,0,113999,Database Administrator,MA,08/07/86,M ,Married,US Citizen,No,Black or African American,2/16/2015,2/22/2017,"no-call, no-show",Terminated for Cause,IT/IS,Simon Roup,4,Employee Referral,Fully Meets,4.33,3,2/15/2017,0,9
10022,4,0,49773,Production Technician I,MA,06/03/86,F,Married,US Citizen,No,White,9/26/2011,2/8/2016,gross misconduct,Terminated for Cause,Production       ,Kelley Spirea,18,Google Search,Exceeds,4.30,5,2/1/2015,0,18
10183,3,0,62068,Production Technician I,MA,04/06/85,F,Single,US Citizen,No,White,7/5/2015,,N/A-StillEmployed,Active,Production       ,Michael Albert,22,LinkedIn,Fully Meets,3.21,3,1/29/2019,0,7
10190,3,0,66541,Production Technician II,MA,02/10/76,M ,Single,US Citizen,No,Black or African American,8/18/2014,,N/A-StillEmployed,Active,Production       ,Ketsia Liebig,19,Employee Referral,Fully Meets,3.11,5,2/12/2019,0,4
10274,3,1,80512,Production Manager,MA,11/14/55,F,Married,US Citizen,No,Black or African American,9/26/2011,1/2/2012,Another position,Voluntarily Terminated,Production       ,Janet King,2,Diversity Job Fair,Fully Meets,4.50,3,1/2/2012,0,5
10293,2,0,50274,Production Technician I,MA,08/02/80,F,Single,US Citizen,No,White,8/13/2012,9/1/2015,career change,Voluntarily Terminated,Production       ,Elijiah Gray,16,CareerBuilder,Needs Improvement,2.50,3,9/5/2014,6,13
10172,3,0,84903,Senior BI Developer,MA,07/08/81,M ,Single,US Citizen,No,Asian,2/15/2017,,N/A-StillEmployed,Active,IT/IS,Brian Champaigne,13,Indeed,Fully Meets,3.42,4,1/4/2019,0,17
10127,3,0,107226,Sr. Network Engineer,MA,05/02/78,F,Widowed,US Citizen,No,Asian,3/30/2015,,N/A-StillEmployed,Active,IT/IS,Peter Monroe,7,Employee Referral,Fully Meets,4.20,4,2/5/2019,0,7
10072,3,0,58371,Production Technician I,MA,05/24/87,M ,Single,US Citizen,Yes,White,1/10/2011,5/15/2014,hours,Voluntarily Terminated,Production       ,Webster Butler,39,LinkedIn,Fully Meets,5.00,5,5/15/2014,0,11
10048,3,0,55140,Production Technician I,MA,09/09/65,M ,Married,Eligible NonCitizen,No,White,5/16/2011,9/7/2015,unhappy,Voluntarily Terminated,Production       ,Amy Dunn,11,Website,Fully Meets,5.00,3,2/15/2015,0,7
10204,3,0,58062,Production Technician I,MA,07/30/83,F,Divorced,US Citizen,No,White,1/10/2011,5/14/2012,Another position,Voluntarily Terminated,Production       ,Ketsia Liebig,19,Google Search,Fully Meets,3.60,5,2/6/2011,0,9
10264,3,1,59728,Production Technician I,MA,10/02/69,F,Single,US Citizen,Yes,Black or African American,1/9/2012,6/27/2015,relocation out of area,Voluntarily Terminated,Production       ,Ketsia Liebig,19,Diversity Job Fair,Fully Meets,4.30,4,6/2/2014,0,16
10033,4,0,70507,Production Technician II,MA,11/07/58,M ,Single,US Citizen,No,White,1/7/2013,2/21/2016,retiring,Voluntarily Terminated,Production       ,Brannon Miller,12,LinkedIn,Exceeds,5.00,3,1/19/2016,0,7
10174,3,0,60446,Production Technician II,MA,04/20/85,F,Single,US Citizen,No,White,9/29/2014,,N/A-StillEmployed,Active,Production       ,David Stanley,14,LinkedIn,Fully Meets,3.40,4,2/21/2019,0,14
10135,3,0,65893,Production Technician II,MA,05/11/85,M ,Single,US Citizen,No,White,7/7/2014,,N/A-StillEmployed,Active,Production       ,Kissy Sullivan,20,LinkedIn,Fully Meets,4.07,4,2/28/2019,0,13
10301,1,0,48513,Production Technician I,MA,05/04/82,F,Single,US Citizen,No,Asian,9/2/2008,9/29/2015,Another position,Voluntarily Terminated,Production       ,Brannon Miller,12,Google Search,PIP,3.20,2,9/2/2015,5,4
10010,4,0,220450,CIO,MA,08/30/79,F,Single,US Citizen,No,White,4/10/2010,,N/A-StillEmployed,Active,IT/IS,Janet King,2,Employee Referral,Exceeds,4.60,5,2/21/2019,0,16
10043,3,0,89292,Data Analyst,MA,02/24/79,F,Single,US Citizen,No,White,3/30/2015,,N/A-StillEmployed,Active,IT/IS,Simon Roup,4,Employee Referral,Fully Meets,5.00,3,2/1/2019,0,11
10271,3,0,45046,Production Technician I,MA,08/17/78,F,Widowed,US Citizen,No,Asian,9/29/2014,,N/A-StillEmployed,Active,Production       ,David Stanley,14,LinkedIn,Fully Meets,4.50,5,1/30/2019,0,2
